,mean_fit_time,std_fit_time,mean_score_time,std_score_time,param_criterion,param_max_depth,param_max_samples,param_n_estimators,param_oob_score,params,split0_test_neg_mean_absolute_error,split1_test_neg_mean_absolute_error,split2_test_neg_mean_absolute_error,split3_test_neg_mean_absolute_error,split4_test_neg_mean_absolute_error,mean_test_neg_mean_absolute_error,std_test_neg_mean_absolute_error,rank_test_neg_mean_absolute_error,split0_test_r2,split1_test_r2,split2_test_r2,split3_test_r2,split4_test_r2,mean_test_r2,std_test_r2,rank_test_r2
0,1.5875229358673095,0.06530466895709232,0.028491973876953125,0.005289711419444774,squared_error,4,0.9,100,True,"{'criterion': 'squared_error', 'max_depth': 4, 'max_samples': 0.9, 'n_estimators': 100, 'oob_score': True}",-133385.24277162974,-148810.16714486247,-145297.27890279182,-140993.95189745576,-154021.95965173372,-144501.72007369468,7010.151165623024,94,0.9150686001147047,0.907258188819426,0.9389985658550023,0.9021388191050653,0.9037101941155441,0.9134348736019484,0.013538782051128673,86
1,3.2325772762298586,0.1490313864824375,0.05625085830688477,0.004462581380811642,squared_error,4,0.9,200,True,"{'criterion': 'squared_error', 'max_depth': 4, 'max_samples': 0.9, 'n_estimators': 200, 'oob_score': True}",-134492.2150489733,-148118.91065274773,-144232.4708490864,-142556.1217935885,-152396.74452532292,-144359.2925739438,5989.358721365723,93,0.9122239598919841,0.9083642986163298,0.9390856988013618,0.8992684502385234,0.9044522621661049,0.9126789339428608,0.013882791588055022,88
2,4.995087289810181,0.26167083380448186,0.09178824424743652,0.014011911172076843,squared_error,4,0.9,300,True,"{'criterion': 'squared_error', 'max_depth': 4, 'max_samples': 0.9, 'n_estimators': 300, 'oob_score': True}",-136116.32472293172,-147729.457762852,-143763.86725887924,-142083.79285651556,-154266.1714550014,-144791.922811236,6034.026304484108,97,0.9108517361141181,0.9082566604865594,0.940214348211079,0.9000950740499976,0.9021190700879478,0.9123073777899403,0.014493227231460272,91
3,7.0729756355285645,0.7284306897676017,0.12771716117858886,0.024690571323725957,squared_error,4,0.9,350,True,"{'criterion': 'squared_error', 'max_depth': 4, 'max_samples': 0.9, 'n_estimators': 350, 'oob_score': True}",-134987.07110214196,-149814.2389407588,-145469.19846804233,-141503.98278118914,-153307.641071659,-145016.42647275823,6401.460400867811,98,0.9130709741984603,0.9062054383627497,0.9391753318676517,0.8998919894687246,0.9039811705363143,0.9124649808867801,0.014021748117024927,90
4,9.599456024169921,0.5241250040494133,0.1388615608215332,0.009143474185884981,squared_error,4,0.9,400,True,"{'criterion': 'squared_error', 'max_depth': 4, 'max_samples': 0.9, 'n_estimators': 400, 'oob_score': True}",-133548.84790798754,-148163.23645944888,-143852.07692345805,-142205.89153245822,-153310.97348190303,-144216.20526105113,6576.630260303677,92,0.9151455260107082,0.9085241746648689,0.9397177269600335,0.9012331736470314,0.9045740868076732,0.913838937618063,0.013743422878705782,85
5,10.207211685180663,0.5221538866414681,0.17361769676208497,0.04097809242821507,squared_error,4,0.9,450,True,"{'criterion': 'squared_error', 'max_depth': 4, 'max_samples': 0.9, 'n_estimators': 450, 'oob_score': True}",-134948.54957197342,-148599.40681742446,-144353.99407170244,-142446.329270466,-153001.3185315101,-144669.91965261527,6072.9280592266305,95,0.9115691404025811,0.9071512594338826,0.939661960119434,0.9008961502352377,0.9036074620816654,0.9125771944545603,0.014006743860273728,89
6,13.016420125961304,0.6502767956670922,0.21867156028747559,0.035531178550335954,squared_error,4,0.9,500,True,"{'criterion': 'squared_error', 'max_depth': 4, 'max_samples': 0.9, 'n_estimators': 500, 'oob_score': True}",-134471.67381002952,-149203.0294118604,-144156.06082617625,-142524.61359505513,-153240.4254410675,-144719.16061683776,6369.6332302009305,96,0.9116984875573004,0.9075157879760539,0.9397645689096343,0.9006942148834839,0.9038322592108544,0.9127010637074655,0.014022451062895694,87
7,3.2378908157348634,0.11021540610498173,0.05036487579345703,0.01278188784556556,squared_error,5,0.9,100,True,"{'criterion': 'squared_error', 'max_depth': 5, 'max_samples': 0.9, 'n_estimators': 100, 'oob_score': True}",-110948.6681250724,-121108.82971920252,-118826.17881912505,-118394.25933814784,-128095.22425567333,-119474.63205144422,5500.272168481417,83,0.9354632698247607,0.9335398802628992,0.9565955894403059,0.9216834719728131,0.9286774741085383,0.9351919371218635,0.011711841058559219,75
8,6.381445360183716,0.2456744947036935,0.09502706527709961,0.015660354401141663,squared_error,5,0.9,200,True,"{'criterion': 'squared_error', 'max_depth': 5, 'max_samples': 0.9, 'n_estimators': 200, 'oob_score': True}",-111174.50653174183,-121758.94866546523,-116993.390426895,-117032.03159879158,-127899.11431523622,-118971.59830762597,5584.616901497339,79,0.9336538606905934,0.9329587567968403,0.9575618955745673,0.9223510863068202,0.9280410587397152,0.9349133316217074,0.012028318426239647,77
9,9.538714742660522,0.6144297405046772,0.15136656761169434,0.022087494506869105,squared_error,5,0.9,300,True,"{'criterion': 'squared_error', 'max_depth': 5, 'max_samples': 0.9, 'n_estimators': 300, 'oob_score': True}",-110244.42859717835,-122842.31997531033,-117966.95708990346,-116784.14914200958,-128461.12629523939,-119259.79621992823,6108.617952639694,82,0.9371271602712103,0.9327922021612683,0.9562361978503602,0.9248031993263696,0.9284068163376045,0.9358731151893626,0.01099098217058073,71
10,10.272034931182862,0.4752787174265083,0.13754625320434571,0.030083613879149235,squared_error,5,0.9,350,True,"{'criterion': 'squared_error', 'max_depth': 5, 'max_samples': 0.9, 'n_estimators': 350, 'oob_score': True}",-110602.97848652118,-121275.07803170435,-117719.00560538017,-117352.1963168336,-128290.6116409694,-119047.97401628173,5767.947834327198,81,0.9351988457895573,0.9329135598465561,0.9567645554190418,0.923225625442059,0.9287681904828967,0.9353741553960221,0.011444300149303628,73
11,11.461781883239746,0.5470600999247875,0.16924490928649902,0.01411834769489967,squared_error,5,0.9,400,True,"{'criterion': 'squared_error', 'max_depth': 5, 'max_samples': 0.9, 'n_estimators': 400, 'oob_score': True}",-110576.89114937342,-122513.33105450294,-117575.8779572183,-117763.2976645872,-129099.03238420287,-119505.68604197695,6124.731460221217,84,0.9355171422508141,0.9319300724450154,0.9569993310562707,0.9231063265928343,0.9281264230853897,0.9351358590860649,0.011681401426925432,76
12,14.302842903137208,0.6587339746633882,0.19758086204528807,0.034338932006094953,squared_error,5,0.9,450,True,"{'criterion': 'squared_error', 'max_depth': 5, 'max_samples': 0.9, 'n_estimators': 450, 'oob_score': True}",-110478.01982034261,-121186.40066528505,-117978.66643411318,-117104.71171174831,-127956.99940364956,-118940.95960702775,5696.49266614099,78,0.9355589645994445,0.93322841819293,0.9567758842019082,0.9227185933874807,0.9286520351246478,0.9353867791012822,0.011558734293790833,72
13,15.24611554145813,0.5405954889453727,0.17793493270874022,0.00830882625393084,squared_error,5,0.9,500,True,"{'criterion': 'squared_error', 'max_depth': 5, 'max_samples': 0.9, 'n_estimators': 500, 'oob_score': True}",-110410.00790996126,-120767.84108766787,-118202.93482703665,-117148.43254481045,-128595.92434676742,-119025.02814324872,5883.119464677807,80,0.9354085293530887,0.9338215364485128,0.9567033340634254,0.92188371778627,0.9286770523834026,0.93529883400694,0.011697524515016745,74
14,3.1803184509277345,0.46124016291635245,0.04340353012084961,0.001668221654410377,squared_error,6,0.9,100,True,"{'criterion': 'squared_error', 'max_depth': 6, 'max_samples': 0.9, 'n_estimators': 100, 'oob_score': True}",-93422.94548827987,-102802.10015450908,-99387.16064284659,-100280.04827242711,-109434.05458484852,-101065.26182858224,5194.052031532473,66,0.9453428803089181,0.9462960365608739,0.9671428032512066,0.9375192556323464,0.9458300731911234,0.9484262097888937,0.009900070744234707,61
15,6.575294256210327,0.2649542288949688,0.09942879676818847,0.013317004453250651,squared_error,6,0.9,200,True,"{'criterion': 'squared_error', 'max_depth': 6, 'max_samples': 0.9, 'n_estimators': 200, 'oob_score': True}",-93348.60168174736,-102637.26925920736,-99042.79987263212,-101349.2593200555,-109368.22236342855,-101149.23049941417,5197.9410938741485,69,0.9463430342669206,0.9471002865605054,0.9670537424533309,0.93371058743235,0.9449667914160365,0.9478348884258286,0.010768950532659959,63
16,10.159058141708375,0.6296127758340939,0.15472779273986817,0.009938681126834796,squared_error,6,0.9,300,True,"{'criterion': 'squared_error', 'max_depth': 6, 'max_samples': 0.9, 'n_estimators': 300, 'oob_score': True}",-92542.99189539869,-102889.69845044558,-98439.66089400533,-101057.96539965158,-109351.23139516397,-100856.30960693302,5500.735838238818,65,0.9488373987963296,0.9465655026815617,0.9678515484499668,0.936695257917225,0.9455735513653701,0.9491046518420905,0.010241353067202308,57
17,12.666590261459351,0.7873930628569099,0.1928730010986328,0.009288205727288485,squared_error,6,0.9,350,True,"{'criterion': 'squared_error', 'max_depth': 6, 'max_samples': 0.9, 'n_estimators': 350, 'oob_score': True}",-93147.82330869394,-103381.25768850146,-99276.20229403045,-100776.84968079929,-109249.9759244624,-101166.4217792975,5258.744399144899,70,0.9485060702317897,0.9465744696013542,0.9671859891711712,0.9374616641764801,0.9454117630787615,0.9490279912519114,0.009827126606419365,58
18,14.920377779006959,0.3881051828607886,0.27384109497070314,0.07150742964214987,squared_error,6,0.9,400,True,"{'criterion': 'squared_error', 'max_depth': 6, 'max_samples': 0.9, 'n_estimators': 400, 'oob_score': True}",-93275.77930055647,-102140.95905176866,-98534.93938875942,-100630.6032959233,-109686.44276486804,-100853.74476037516,5339.02024055607,64,0.9474811518797601,0.9482365027699644,0.967286493680664,0.9362009656470975,0.9448140485467775,0.9488038325048527,0.010182639542577782,59
19,15.827240419387817,0.6999912803904651,0.20182619094848633,0.010119970581277046,squared_error,6,0.9,450,True,"{'criterion': 'squared_error', 'max_depth': 6, 'max_samples': 0.9, 'n_estimators': 450, 'oob_score': True}",-93504.72243108987,-103223.71132013806,-98774.22267613193,-101327.77056302248,-108773.75990182006,-101120.83737844047,5030.783850629052,68,0.9477887708721816,0.9463456952212007,0.9673718789653177,0.935541881157701,0.9455108989972201,0.9485118250427244,0.010374406597117778,60
20,18.45596923828125,0.9089624370749236,0.3568657398223877,0.06970123573843504,squared_error,6,0.9,500,True,"{'criterion': 'squared_error', 'max_depth': 6, 'max_samples': 0.9, 'n_estimators': 500, 'oob_score': True}",-92977.24339402455,-102565.76134032017,-98744.04029301454,-101640.95667515801,-109411.09480013013,-101067.81930052947,5348.643383918767,67,0.9462838696297456,0.9472878033414311,0.9674934391062546,0.9345875934285576,0.944973493338998,0.9481252397689973,0.010699723952752347,62
21,3.8625377655029296,0.20801111374826975,0.05590829849243164,0.014241966895942095,squared_error,7,0.9,100,True,"{'criterion': 'squared_error', 'max_depth': 7, 'max_samples': 0.9, 'n_estimators': 100, 'oob_score': True}",-84562.95403009368,-92516.77324782619,-88371.08241729441,-92851.93192146257,-97916.62864679476,-91243.87405269433,4508.2014256724,56,0.9515544998687661,0.9558388926584408,0.9730751046912651,0.9395785784975801,0.9533874117246519,0.954686897488141,0.010763039885026351,49
22,7.55195426940918,0.3753246697463703,0.13571438789367676,0.05679864936985037,squared_error,7,0.9,200,True,"{'criterion': 'squared_error', 'max_depth': 7, 'max_samples': 0.9, 'n_estimators': 200, 'oob_score': True}",-84176.22983210218,-92439.82466063599,-88849.48775102838,-91602.80034603788,-97015.26241773015,-90816.72100150693,4234.157095468749,55,0.9534170654172108,0.9555105242240469,0.9729239747078643,0.9433699908232897,0.9555353266068922,0.9561513763558608,0.009517883553260408,42
23,12.561758518218994,0.6513791410333396,0.1567366600036621,0.022742222248092532,squared_error,7,0.9,300,True,"{'criterion': 'squared_error', 'max_depth': 7, 'max_samples': 0.9, 'n_estimators': 300, 'oob_score': True}",-84110.77035967709,-92853.7914945611,-87875.53011026696,-91189.16983265203,-96202.08106855341,-90446.26857314212,4152.702258486544,50,0.9529010741090809,0.9545197649688104,0.9736460515868028,0.9439755335574755,0.9563163866607289,0.9562717621765797,0.00966950044596373,39
24,13.796616697311402,0.4716422437270428,0.23697900772094727,0.01831895520512042,squared_error,7,0.9,350,True,"{'criterion': 'squared_error', 'max_depth': 7, 'max_samples': 0.9, 'n_estimators': 350, 'oob_score': True}",-84429.02161889695,-92882.62405783037,-88034.96637800986,-90831.4603427906,-97251.4039443059,-90685.89526836673,4338.861661457781,53,0.9520556543949017,0.9548846214667187,0.9733442262257951,0.9430881071115114,0.9551439044674699,0.9557033027332793,0.00984513937007237,46
25,16.16863317489624,0.10392651253403601,0.2047346591949463,0.027033510175477445,squared_error,7,0.9,400,True,"{'criterion': 'squared_error', 'max_depth': 7, 'max_samples': 0.9, 'n_estimators': 400, 'oob_score': True}",-84386.43438728894,-91925.90958472992,-88516.24440119496,-91150.33487317542,-96695.20194463055,-90534.82503820396,4053.186094571302,51,0.9518090236067862,0.9559832136252058,0.9727598532302426,0.9430431387890553,0.9558251194783839,0.9558840697459348,0.009657130854737477,44
26,18.980824756622315,0.5243301767941546,0.22545671463012695,0.06633378385887233,squared_error,7,0.9,450,True,"{'criterion': 'squared_error', 'max_depth': 7, 'max_samples': 0.9, 'n_estimators': 450, 'oob_score': True}",-84503.61288555531,-92170.95647877663,-88447.66915834424,-91244.15644729167,-97322.57084216409,-90737.79316242639,4237.4362446593805,54,0.9521282057809739,0.9550942601117977,0.9733888574469587,0.9416686754998203,0.9548366795460241,0.9554233356771149,0.01022996565225772,47
27,18.879616832733156,1.852243037158413,0.20503997802734375,0.00626798942987087,squared_error,7,0.9,500,True,"{'criterion': 'squared_error', 'max_depth': 7, 'max_samples': 0.9, 'n_estimators': 500, 'oob_score': True}",-84124.470484371,-92335.49936978101,-88292.85997394979,-91056.32856135418,-97153.92266009001,-90592.6162099092,4322.712136116953,52,0.9526791057599427,0.9548555557946966,0.9729522817225572,0.9440883611150976,0.955154330144084,0.9559459269072758,0.009405377457884232,43
28,3.4747032642364504,0.12019595893886145,0.045270347595214845,0.0010458621432834498,squared_error,8,0.9,100,True,"{'criterion': 'squared_error', 'max_depth': 8, 'max_samples': 0.9, 'n_estimators': 100, 'oob_score': True}",-78065.81160544508,-84385.50373169796,-81911.34150086352,-84393.29541775343,-88563.84424192901,-83463.95929953779,3443.032289790288,42,0.9558339926690159,0.9604179069205789,0.9761537094328303,0.9463789586666942,0.9608328980436487,0.9599234931465535,0.009640226256452797,22
29,6.740243291854858,0.0778339788267988,0.0876375675201416,0.0024455385868458,squared_error,8,0.9,200,True,"{'criterion': 'squared_error', 'max_depth': 8, 'max_samples': 0.9, 'n_estimators': 200, 'oob_score': True}",-78138.62891221295,-83971.53241286047,-81170.7389851383,-84185.40970552899,-88039.18685780064,-83101.09937470827,3306.674912441927,37,0.9547323363560272,0.9615811069034215,0.9765611010056442,0.9470614704847181,0.9611779321283732,0.9602227893756368,0.009726902286058192,18
30,10.022206544876099,0.14880085098020598,0.13672480583190919,0.002626962108681453,squared_error,8,0.9,300,True,"{'criterion': 'squared_error', 'max_depth': 8, 'max_samples': 0.9, 'n_estimators': 300, 'oob_score': True}",-78504.23096915882,-84273.16812786358,-81523.47815449555,-84132.71600142581,-88204.69761792141,-83327.65817417303,3220.190567624875,40,0.9554319625591425,0.9602138339647985,0.9759101693786119,0.9466025408412431,0.9613706688387557,0.9599058351165104,0.009543295977086514,23
31,11.713922309875489,0.22117128812446818,0.15388069152832032,0.0008882297216484404,squared_error,8,0.9,350,True,"{'criterion': 'squared_error', 'max_depth': 8, 'max_samples': 0.9, 'n_estimators': 350, 'oob_score': True}",-78087.45792089215,-84262.98684565969,-81568.96368070925,-84026.00157514187,-88370.57401659442,-83263.19680779947,3386.013942681791,39,0.9545059365093967,0.9611353995010606,0.9760201623308555,0.948767803796059,0.9608799768365394,0.9602618557947823,0.009107285163901689,17
32,13.756426906585693,0.3196932517112097,0.1877734661102295,0.011349449510207218,squared_error,8,0.9,400,True,"{'criterion': 'squared_error', 'max_depth': 8, 'max_samples': 0.9, 'n_estimators': 400, 'oob_score': True}",-78038.4808713463,-84521.17528554873,-81481.69045138992,-83650.31692302407,-88153.074327865,-83168.94757183481,3348.7394917338634,38,0.9544557025574724,0.9603848628553877,0.9762275880029636,0.947273789818472,0.9609299213039179,0.9598543729076427,0.009559676865965391,24
33,15.653912258148193,0.271802317800042,0.20405635833740235,0.006608054511130148,squared_error,8,0.9,450,True,"{'criterion': 'squared_error', 'max_depth': 8, 'max_samples': 0.9, 'n_estimators': 450, 'oob_score': True}",-78041.5003619064,-84548.046392604,-81595.44125392595,-84320.66857281298,-88550.05759066365,-83411.1428343826,3483.046487010476,41,0.9557894583427946,0.9606516349559936,0.9758345592649473,0.9452553996365265,0.9605394295191051,0.9596140963438733,0.00985734418800145,27
34,18.27103672027588,0.5170807097648976,0.2840559959411621,0.04411783628367103,squared_error,8,0.9,500,True,"{'criterion': 'squared_error', 'max_depth': 8, 'max_samples': 0.9, 'n_estimators': 500, 'oob_score': True}",-78122.45134249078,-84279.36492906458,-81098.77265370134,-84186.68305914121,-87581.39074392429,-83053.73254566445,3207.018641961855,36,0.9550236354024627,0.9608167946254008,0.9767657750192921,0.9473262039686532,0.9616631438256155,0.9603191105682848,0.009689216330747638,15
35,4.085761260986328,0.31368533673259325,0.05335445404052734,0.005572245218443261,squared_error,9,0.9,100,True,"{'criterion': 'squared_error', 'max_depth': 9, 'max_samples': 0.9, 'n_estimators': 100, 'oob_score': True}",-73760.73174870508,-79201.06891286347,-76031.80866842462,-79537.6897181192,-82811.8955055873,-78268.63891073993,3112.7393935778064,27,0.9577348455928061,0.9625898883125631,0.9783147775582415,0.9445573148099523,0.9625735719676,0.9611540796482327,0.010823214146886848,14
36,8.492224264144898,0.4280269587845649,0.09773721694946289,0.002970651082063547,squared_error,9,0.9,200,True,"{'criterion': 'squared_error', 'max_depth': 9, 'max_samples': 0.9, 'n_estimators': 200, 'oob_score': True}",-73421.328366806,-79183.28851651789,-77049.98147256955,-79660.69537547298,-82349.34168789358,-78332.927083852,2979.510727376391,28,0.9560831285850048,0.9631606807607412,0.9765017401006392,0.9463343303767513,0.9643324823460147,0.9612824724338301,0.009949235776828371,13
37,11.211805295944213,0.21061231077823636,0.15152487754821778,0.012704567541742786,squared_error,9,0.9,300,True,"{'criterion': 'squared_error', 'max_depth': 9, 'max_samples': 0.9, 'n_estimators': 300, 'oob_score': True}",-73656.98698180258,-78723.83137014108,-76147.93659053612,-79471.59413867543,-82109.84134903505,-78022.03808603805,2893.7791774200255,24,0.9568552177023169,0.9635483483863393,0.9779923617745059,0.9479743451519522,0.9641557005981124,0.9621051947226453,0.009858321480653959,11
38,13.56052737236023,0.21741745584431355,0.2195899486541748,0.05466646126192743,squared_error,9,0.9,350,True,"{'criterion': 'squared_error', 'max_depth': 9, 'max_samples': 0.9, 'n_estimators': 350, 'oob_score': True}",-73470.52989838566,-78614.97343112342,-76761.39020532492,-79645.11957445547,-82670.30532059445,-78232.46368597678,3055.3696771818213,26,0.9563726765589761,0.9639727355524245,0.9776253401129968,0.9481554675798048,0.9629392110705147,0.9618130861749433,0.009716874186644086,12
39,16.04356837272644,0.390542526993575,0.21481127738952638,0.023713405149369565,squared_error,9,0.9,400,True,"{'criterion': 'squared_error', 'max_depth': 9, 'max_samples': 0.9, 'n_estimators': 400, 'oob_score': True}",-73161.33669132962,-78367.96722971924,-76753.6189475549,-79288.51066029469,-82243.4499218524,-77962.97669015017,2992.0495169136293,22,0.9570198827356133,0.9642786281827145,0.977402672907148,0.9498345676814249,0.9639268088050756,0.9624925120623953,0.00914038885450523,10
40,19.1640691280365,0.9008088673530393,0.27420825958251954,0.049244567178503305,squared_error,9,0.9,450,True,"{'criterion': 'squared_error', 'max_depth': 9, 'max_samples': 0.9, 'n_estimators': 450, 'oob_score': True}",-73217.84121923191,-78621.44418366934,-76664.11039745144,-79267.91891966708,-82387.93276377267,-78031.84949675848,3029.730578190466,25,0.9575464299653416,0.9642834463665914,0.9776220868236717,0.9495491724339096,0.9635940315427008,0.962519033426443,0.00922296129494058,9
41,23.33142409324646,3.3640774516226912,0.330870532989502,0.0928321224726947,squared_error,9,0.9,500,True,"{'criterion': 'squared_error', 'max_depth': 9, 'max_samples': 0.9, 'n_estimators': 500, 'oob_score': True}",-73086.63202771773,-78546.1910161093,-76591.67959863447,-79448.07706164995,-82247.38909446012,-77983.99375971431,3051.518838467334,23,0.9574672199260449,0.9639625234893968,0.977719687672417,0.9494182389231085,0.9642247293649421,0.9625584798751818,0.00930802672806562,8
42,5.362616300582886,0.5320078762943946,0.08116097450256347,0.022104462574989586,squared_error,10,0.9,100,True,"{'criterion': 'squared_error', 'max_depth': 10, 'max_samples': 0.9, 'n_estimators': 100, 'oob_score': True}",-70740.4960121626,-75449.74962310785,-73410.25874394613,-75655.65468455893,-78307.15911849677,-74712.66363645445,2522.986316984322,14,0.9589355298112365,0.9654538271998613,0.9787533716558048,0.9505343123176501,0.965343951626579,0.9638041985222264,0.009255957072868455,2
43,11.947736024856567,2.0466626065303872,0.21187233924865723,0.05302014299517752,squared_error,10,0.9,200,True,"{'criterion': 'squared_error', 'max_depth': 10, 'max_samples': 0.9, 'n_estimators': 200, 'oob_score': True}",-70044.95263685775,-74687.48388208558,-73450.79574649526,-75937.82094904191,-78791.01600496813,-74582.41384388974,2878.527887915212,9,0.9574760879896633,0.9648924545868748,0.9784286788880144,0.9503901962254552,0.9652468041273868,0.9632868443634788,0.009335769942172492,7
44,18.78912467956543,2.982789467738031,0.25030517578125,0.0382187104903435,squared_error,10,0.9,300,True,"{'criterion': 'squared_error', 'max_depth': 10, 'max_samples': 0.9, 'n_estimators': 300, 'oob_score': True}",-70553.66205197397,-74820.37889964058,-73435.95671376602,-75537.10195906655,-78951.28328829448,-74659.67658254833,2741.1834774572344,12,0.9569700700909788,0.9653377023026536,0.9786167602392405,0.9512861614347093,0.9650870079093036,0.9634595403953771,0.009232787620277341,5
45,21.68031177520752,3.3381239731668266,0.25327277183532715,0.023681371470766335,squared_error,10,0.9,350,True,"{'criterion': 'squared_error', 'max_depth': 10, 'max_samples': 0.9, 'n_estimators': 350, 'oob_score': True}",-69922.64580871296,-74617.13968349228,-73549.34729009183,-75245.22455603727,-78435.12025470128,-74353.89551860713,2749.670239620136,8,0.9583325044194155,0.9658601249917421,0.9787425023447666,0.952330616330137,0.966107974042552,0.9642747444257227,0.00886749788641085,1
46,24.030545282363892,2.452373451666659,0.3316783428192139,0.048203907527539655,squared_error,10,0.9,400,True,"{'criterion': 'squared_error', 'max_depth': 10, 'max_samples': 0.9, 'n_estimators': 400, 'oob_score': True}",-70245.72543418575,-74639.85929257913,-73827.63370193729,-75653.35755838003,-79060.06309786769,-74685.32781698999,2846.863757087122,13,0.9577072578258957,0.9652932772551136,0.9779852803609322,0.9517541026243314,0.9650529415445177,0.9635585719221581,0.008797222648020972,4
47,27.74421067237854,2.5881614119047813,0.31202197074890137,0.04511154677575745,squared_error,10,0.9,450,True,"{'criterion': 'squared_error', 'max_depth': 10, 'max_samples': 0.9, 'n_estimators': 450, 'oob_score': True}",-69885.39766750841,-74620.59937333988,-73850.7235784536,-75805.25101940258,-78881.64062297571,-74608.72245233603,2918.013388653847,11,0.958035368162653,0.9656657717351059,0.9782321695802698,0.9495542518323702,0.9649871071056652,0.9632949336832128,0.009466516860972933,6
48,25.96142783164978,2.677449327018353,0.30611557960510255,0.022658200236902282,squared_error,10,0.9,500,True,"{'criterion': 'squared_error', 'max_depth': 10, 'max_samples': 0.9, 'n_estimators': 500, 'oob_score': True}",-70243.12567986279,-74967.43904515177,-73370.25823478712,-75522.61902306785,-78840.40666044713,-74588.76972866333,2809.3157179356544,10,0.9577473724420075,0.9656323245584201,0.9784221752499611,0.9520158181654733,0.9650033287105482,0.963764203825282,0.008878155859725952,3
49,2.9839890003204346,0.29323818156747317,0.03743786811828613,0.0032066318163711735,poisson,4,0.9,100,True,"{'criterion': 'poisson', 'max_depth': 4, 'max_samples': 0.9, 'n_estimators': 100, 'oob_score': True}",-135023.6912694835,-136049.80677616,-147953.15854110298,-132966.66024241413,-140414.91925387105,-138481.64721660633,5324.161081817114,87,0.9036381741279451,0.9083980464213359,0.9274121888458913,0.8863811756002197,0.9077886430627942,0.9067236456116372,0.013078913404715157,92
50,5.608375167846679,0.27688737320250273,0.07703108787536621,0.006629162633376012,poisson,4,0.9,200,True,"{'criterion': 'poisson', 'max_depth': 4, 'max_samples': 0.9, 'n_estimators': 200, 'oob_score': True}",-135058.51062876594,-136452.21260603872,-145619.4423920123,-133950.3298754879,-141150.45672533967,-138446.19044552892,4345.887343923679,86,0.9022010822112541,0.9061372133164388,0.9281166626343905,0.8798191225034929,0.9074686067225254,0.9047485374776205,0.015384158929959464,96
51,8.011596822738648,0.4549250404461791,0.1268690586090088,0.025304768391149736,poisson,4,0.9,300,True,"{'criterion': 'poisson', 'max_depth': 4, 'max_samples': 0.9, 'n_estimators': 300, 'oob_score': True}",-135039.689386519,-137226.48520880536,-146480.97671088483,-134026.84132670652,-141691.48862542518,-138893.09625166818,4619.8204201494245,91,0.9002021001217376,0.9045853388479965,0.9274964178483224,0.881393719397837,0.9070028700254918,0.9041360892482769,0.014743248396411756,98
52,9.666380739212036,0.39747146638776837,0.14508504867553712,0.006535636719240605,poisson,4,0.9,350,True,"{'criterion': 'poisson', 'max_depth': 4, 'max_samples': 0.9, 'n_estimators': 350, 'oob_score': True}",-135395.560503472,-136443.62891461677,-144995.20858815176,-133877.16776052018,-141212.74566539848,-138384.8622864318,4116.241604330031,85,0.9031596389915553,0.9070112758414026,0.9296650875170683,0.8811483817425605,0.9072141972736636,0.9056397162732501,0.01541139111105983,93
53,11.303618717193604,0.596048251714025,0.1489100456237793,0.007764610698874287,poisson,4,0.9,400,True,"{'criterion': 'poisson', 'max_depth': 4, 'max_samples': 0.9, 'n_estimators': 400, 'oob_score': True}",-135804.03288193946,-136394.31628344767,-146087.196329394,-134027.26532536876,-140724.12411289595,-138607.38698660914,4339.6339585577025,88,0.9010703452092604,0.9067733914472955,0.9284668295532676,0.8811845883278429,0.9081479389636606,0.9051286187002653,0.015141200958079916,94
54,11.467941331863404,0.3501047941720544,0.16232829093933104,0.010675186487257217,poisson,4,0.9,450,True,"{'criterion': 'poisson', 'max_depth': 4, 'max_samples': 0.9, 'n_estimators': 450, 'oob_score': True}",-135710.3862189909,-137115.01930284544,-146272.772376784,-133317.1872544882,-141399.85004316864,-138763.04303925546,4583.466527103348,90,0.901095115078831,0.9053605326644458,0.9276545637889332,0.8815281211981312,0.9070893571377918,0.9045455379736268,0.014716447938197123,97
55,12.804339075088501,0.45752638535189555,0.17591471672058107,0.018067182900580146,poisson,4,0.9,500,True,"{'criterion': 'poisson', 'max_depth': 4, 'max_samples': 0.9, 'n_estimators': 500, 'oob_score': True}",-135702.02444138887,-136607.73917640204,-146379.72044768988,-133297.56282640278,-141116.01417289334,-138620.61221295537,4633.259301038222,89,0.900696295974885,0.9064394983331031,0.927734067125224,0.8828651420786624,0.9075205723289405,0.905051115168163,0.014378622938947448,95
56,2.9060999870300295,0.08956352152904863,0.04304070472717285,0.005261244219893515,poisson,5,0.9,100,True,"{'criterion': 'poisson', 'max_depth': 5, 'max_samples': 0.9, 'n_estimators': 100, 'oob_score': True}",-109583.17337495026,-113112.1412968165,-118289.13837890227,-112590.64775137405,-119053.34335138304,-114525.68883068522,3600.948974925291,71,0.9264381327615234,0.9336315952057415,0.9525330585315827,0.9034908893296894,0.9322277917516074,0.9296642935160289,0.015752756070942214,78
57,5.897199440002441,0.25087170360192695,0.08431978225708008,0.014157292279461265,poisson,5,0.9,200,True,"{'criterion': 'poisson', 'max_depth': 5, 'max_samples': 0.9, 'n_estimators': 200, 'oob_score': True}",-110584.6580251146,-114201.9210381404,-120282.47996398294,-113140.36460388552,-119486.55773886161,-115539.196273997,3746.212764795631,77,0.9258056668185766,0.9318881140741118,0.950287270693699,0.9017334973358643,0.9312757116269115,0.9281980521098326,0.015602040185919935,81
58,9.136525869369507,0.3490861277816495,0.1419227123260498,0.03728229314193561,poisson,5,0.9,300,True,"{'criterion': 'poisson', 'max_depth': 5, 'max_samples': 0.9, 'n_estimators': 300, 'oob_score': True}",-110334.88643735672,-114063.38760263384,-119371.50206352148,-112879.41513200977,-119333.52549889905,-115196.54334688417,3600.9369509216904,73,0.9267437100832326,0.931742073545575,0.9501685256769883,0.9023784818175127,0.9297519816804368,0.9281569545607491,0.015273724952218879,82
59,10.502430438995361,0.3168361892981481,0.14984731674194335,0.021080821269842058,poisson,5,0.9,350,True,"{'criterion': 'poisson', 'max_depth': 5, 'max_samples': 0.9, 'n_estimators': 350, 'oob_score': True}",-110633.41147030884,-113967.23256225146,-120253.06439970444,-112877.77240509762,-118773.75142445108,-115301.0464523627,3633.7389697460962,75,0.9248744541349381,0.9315079439108982,0.9502205342853758,0.9015374793700643,0.9304769648223534,0.927723475304726,0.015632305489911836,84
60,12.283091640472412,0.2726032414885212,0.16353483200073243,0.010519619717543961,poisson,5,0.9,400,True,"{'criterion': 'poisson', 'max_depth': 5, 'max_samples': 0.9, 'n_estimators': 400, 'oob_score': True}",-110419.93216621908,-113835.25127355616,-119758.06906792542,-112807.39252799857,-119291.84558125203,-115222.49812339025,3686.5382449654307,74,0.9259445730614215,0.9321949053949607,0.950190069903253,0.9034450412372192,0.9303319852449313,0.9284213149683573,0.014978102930580986,80
61,13.467638969421387,0.4382902242499657,0.19124422073364258,0.009622025459530498,poisson,5,0.9,450,True,"{'criterion': 'poisson', 'max_depth': 5, 'max_samples': 0.9, 'n_estimators': 450, 'oob_score': True}",-110335.91331871113,-114197.89914705513,-119240.80719051928,-112947.11810146336,-119238.70971693232,-115192.08949493626,3532.081773103865,72,0.926972161899825,0.9313813695108809,0.9510015492264173,0.9013920357124305,0.9314549632791176,0.9284404159257342,0.01587773334953706,79
62,15.484935903549195,0.27401487521489143,0.21986522674560546,0.027605312801860692,poisson,5,0.9,500,True,"{'criterion': 'poisson', 'max_depth': 5, 'max_samples': 0.9, 'n_estimators': 500, 'oob_score': True}",-110137.39387082079,-114188.88031864644,-120509.04790412902,-112938.44747810297,-119587.95232913313,-115472.34438016647,3970.798952920246,76,0.9270351833138111,0.9320839759901497,0.9494434740963712,0.9005272538310954,0.9300771542179012,0.9278334082898658,0.0157248841023671,83
63,3.4391910552978517,0.05811805796786137,0.056065607070922854,0.01115368410171339,poisson,6,0.9,100,True,"{'criterion': 'poisson', 'max_depth': 6, 'max_samples': 0.9, 'n_estimators': 100, 'oob_score': True}",-94938.59652657744,-98407.70982061264,-101216.5347633334,-100274.27012619769,-102247.09389491544,-99416.84102632731,2571.281124201004,61,0.9458212187876416,0.9473250428035347,0.9633613226656763,0.9144197420763278,0.9478624777260027,0.9437579608118366,0.01599281739440573,70
64,7.056644153594971,0.03402966302319238,0.11036472320556641,0.022736720064142627,poisson,6,0.9,200,True,"{'criterion': 'poisson', 'max_depth': 6, 'max_samples': 0.9, 'n_estimators': 200, 'oob_score': True}",-95516.6501728645,-98372.95362281293,-100361.25603341225,-99775.42746199713,-102438.53816455152,-99292.96509112767,2296.7638494476987,59,0.9446268819641164,0.9468122164094979,0.964359032540431,0.9160456960050261,0.9477689759599606,0.9439225605758063,0.01561031745622869,68
65,11.637892198562621,0.8857471352248615,0.17629384994506836,0.035000683341191136,poisson,6,0.9,300,True,"{'criterion': 'poisson', 'max_depth': 6, 'max_samples': 0.9, 'n_estimators': 300, 'oob_score': True}",-95676.87349331082,-98351.89381327401,-101310.66052945083,-99264.14848923111,-102523.35278812483,-99425.38582267832,2382.4939577831574,62,0.943927494176088,0.9472371802896399,0.9635766497743861,0.9174408856206718,0.9480106244365045,0.9440385668594582,0.014934483838973379,67
66,13.990646409988404,1.6355249986425104,0.17838106155395508,0.041849821252305124,poisson,6,0.9,350,True,"{'criterion': 'poisson', 'max_depth': 6, 'max_samples': 0.9, 'n_estimators': 350, 'oob_score': True}",-95836.71645878826,-98689.24135598229,-100348.64809509354,-99641.74317455763,-102131.26463861103,-99329.52274460655,2078.2450156020705,60,0.9443791455513748,0.9470029392806841,0.9648249843405131,0.9140656019137837,0.9488086989561241,0.9438162740084959,0.016503723014460382,69
67,16.804047775268554,0.9020008442047348,0.2960826396942139,0.16397981658998637,poisson,6,0.9,400,True,"{'criterion': 'poisson', 'max_depth': 6, 'max_samples': 0.9, 'n_estimators': 400, 'oob_score': True}",-95649.4174815347,-98040.15933966299,-101264.47286274272,-99606.53891164469,-102573.55743395121,-99426.82920590726,2429.10769552894,63,0.9459468510682646,0.9476089327511821,0.9635149244670222,0.9166557691482149,0.9481891765324442,0.9443831307934255,0.0152457805081241,64
68,20.10868549346924,1.4568209837206936,0.25910797119140627,0.08122740860014707,poisson,6,0.9,450,True,"{'criterion': 'poisson', 'max_depth': 6, 'max_samples': 0.9, 'n_estimators': 450, 'oob_score': True}",-95271.2416213553,-98344.49059124125,-100451.61774385565,-99297.62696770989,-102513.67009761505,-99175.72940435543,2396.6885886392356,57,0.9450836598913323,0.9473127451722336,0.9645481461728541,0.9161771341667455,0.9475112176697452,0.9441265806145822,0.01562520598211038,66
69,19.378276348114014,1.5659812244802889,0.2492435932159424,0.04413770305513709,poisson,6,0.9,500,True,"{'criterion': 'poisson', 'max_depth': 6, 'max_samples': 0.9, 'n_estimators': 500, 'oob_score': True}",-95278.00686488945,-98086.35556914833,-100727.52341709343,-99346.58281054342,-102593.61149114688,-99206.4160305643,2469.552247106341,58,0.9447229379323681,0.9479197208485336,0.9642252455231575,0.9169358130714829,0.9474243687581112,0.9442456172267306,0.015289488439051181,65
70,4.630175590515137,0.6575065665202959,0.04750294685363769,0.003377731215690325,poisson,7,0.9,100,True,"{'criterion': 'poisson', 'max_depth': 7, 'max_samples': 0.9, 'n_estimators': 100, 'oob_score': True}",-85971.76171042614,-88005.63318578721,-88769.06383076255,-90284.86529796381,-91095.65180161611,-88825.39516531119,1794.5765561800854,49,0.9509262310991387,0.9563393719227888,0.9722108113478016,0.9235934965444695,0.9562501829375919,0.951864018770358,0.015832631258076837,55
71,8.542219352722167,0.7584017904795068,0.09210362434387206,0.0036767622694138338,poisson,7,0.9,200,True,"{'criterion': 'poisson', 'max_depth': 7, 'max_samples': 0.9, 'n_estimators': 200, 'oob_score': True}",-85835.0557623857,-87724.17034650884,-89034.01779267698,-90256.43716319147,-91005.26079973788,-88770.98837290017,1842.9999530891707,48,0.952575951312796,0.9571792161144428,0.971604192138852,0.9224368949664263,0.9575619825402903,0.9522716474145614,0.01622358909925454,51
72,11.94996509552002,0.5739513815578654,0.15397558212280274,0.008720826885607654,poisson,7,0.9,300,True,"{'criterion': 'poisson', 'max_depth': 7, 'max_samples': 0.9, 'n_estimators': 300, 'oob_score': True}",-85653.70327566272,-87641.4014562966,-88467.65123279902,-90564.44313285443,-90701.36100204084,-88605.71201993072,1891.649201055474,43,0.9518203528292511,0.9570290097843182,0.9722656742534233,0.9213529106904108,0.9580270467939933,0.9520989988702793,0.016802030459369642,53
73,15.341870450973511,1.313353405807115,0.1804591655731201,0.017506038594368462,poisson,7,0.9,350,True,"{'criterion': 'poisson', 'max_depth': 7, 'max_samples': 0.9, 'n_estimators': 350, 'oob_score': True}",-85625.28030002146,-87815.49961246506,-88644.65879076826,-90521.49304292834,-91218.70605851083,-88765.1275609388,1993.9816416943816,47,0.9523925433688378,0.9570241045551999,0.9716935596265924,0.9212178948088044,0.9567930905940152,0.9518242385906899,0.0166348385307667,56
74,18.741028547286987,0.9158373696043005,0.2493565559387207,0.032212241776692956,poisson,7,0.9,400,True,"{'criterion': 'poisson', 'max_depth': 7, 'max_samples': 0.9, 'n_estimators': 400, 'oob_score': True}",-85370.05287546842,-87722.01795801445,-88769.80236242511,-90507.89594655829,-91112.69441181653,-88696.49271085656,2056.1804234759848,45,0.9536928934953515,0.9572309084568523,0.9719811456837385,0.9225709403428576,0.9573873972133013,0.9525726570384203,0.016266089850511877,50
75,21.854784631729125,2.1648408853495544,0.2580091953277588,0.04385049648641327,poisson,7,0.9,450,True,"{'criterion': 'poisson', 'max_depth': 7, 'max_samples': 0.9, 'n_estimators': 450, 'oob_score': True}",-85789.01845283963,-87422.42468974036,-88698.61103639282,-90492.83446263603,-91247.4566075333,-88730.06904982842,1990.240387963506,46,0.9514955413477023,0.9579030564456652,0.9720813138045118,0.9208971015794205,0.9576062699882761,0.9519966566331153,0.01695393886682198,54
76,22.610937786102294,1.4546832095807547,0.27513880729675294,0.05518441794835439,poisson,7,0.9,500,True,"{'criterion': 'poisson', 'max_depth': 7, 'max_samples': 0.9, 'n_estimators': 500, 'oob_score': True}",-85319.33406235615,-87499.36564010286,-88881.19539141095,-90113.26097786053,-91273.84351990478,-88617.39991832705,2073.215859818595,44,0.9521485818962676,0.9576955900586123,0.9715778063585933,0.9224996339322783,0.9571026932156816,0.9522048610922866,0.01619784899520625,52
77,4.53876371383667,0.4699492784469455,0.06340069770812988,0.02604961667566217,poisson,8,0.9,100,True,"{'criterion': 'poisson', 'max_depth': 8, 'max_samples': 0.9, 'n_estimators': 100, 'oob_score': True}",-78818.97753927603,-81094.33461928923,-81249.69347936861,-83595.382841799,-84621.61649074715,-81876.00099409602,2041.7313349943227,35,0.9557888442045677,0.9620464792364058,0.9760820369031973,0.9253296274052987,0.9618580422434103,0.9562210059985758,0.01682044529656669,41
78,9.14915909767151,0.5633555781916093,0.11497688293457031,0.019465521893755354,poisson,8,0.9,200,True,"{'criterion': 'poisson', 'max_depth': 8, 'max_samples': 0.9, 'n_estimators': 200, 'oob_score': True}",-78472.05272386265,-80965.86231626377,-81461.83009076414,-84372.0867074747,-84011.14464586624,-81856.59529684631,2162.135665182773,34,0.9555727273487111,0.9617119081079772,0.9753087467175034,0.9218646686424045,0.9624098792982937,0.9553735860229778,0.01794425581132699,48
79,16.138922023773194,1.3924720681379277,0.23959293365478515,0.03699811647197909,poisson,8,0.9,300,True,"{'criterion': 'poisson', 'max_depth': 8, 'max_samples': 0.9, 'n_estimators': 300, 'oob_score': True}",-78306.12548583688,-80677.09210520041,-81598.64919599736,-83954.10862628509,-83950.51910814008,-81697.29890429197,2131.703649206786,33,0.9565564628659509,0.9628619402936175,0.9753619741907023,0.9226729229834927,0.9615039012970137,0.9557914403261554,0.01768078859293036,45
80,16.60659909248352,1.311455684579561,0.1771388530731201,0.010255973076010543,poisson,8,0.9,350,True,"{'criterion': 'poisson', 'max_depth': 8, 'max_samples': 0.9, 'n_estimators': 350, 'oob_score': True}",-78461.605981627,-81129.66275811639,-81008.47632198797,-83863.30656739819,-83715.8079599697,-81635.77191781985,2000.6716966202798,32,0.9570201251977802,0.9622844830788083,0.9762423976277911,0.9228848599145424,0.9629123725450663,0.9562688476727977,0.017856774884810533,40
81,18.224156284332274,1.3227116257083629,0.2043454647064209,0.01057008592250159,poisson,8,0.9,400,True,"{'criterion': 'poisson', 'max_depth': 8, 'max_samples': 0.9, 'n_estimators': 400, 'oob_score': True}",-78123.43567713346,-80681.55742330325,-81006.36740095263,-83828.08300193067,-83642.54994944176,-81456.39869055235,2112.614181503625,29,0.9567829225171547,0.9626550583739568,0.9761948927222793,0.9255491879355979,0.9629858291270711,0.956833578135212,0.01688381451645133,37
82,19.2593731880188,0.6142982951166998,0.25768394470214845,0.028938755021002224,poisson,8,0.9,450,True,"{'criterion': 'poisson', 'max_depth': 8, 'max_samples': 0.9, 'n_estimators': 450, 'oob_score': True}",-78344.20548536762,-80612.73787040845,-81031.74024888148,-83668.60187641255,-83708.67577575285,-81473.1922513646,2026.9696496766642,30,0.9575204139462802,0.9633391507313308,0.9761176884204084,0.9257992548915712,0.962907280362496,0.9571367576704175,0.0168180297092734,36
83,21.208493280410767,0.8933472771338418,0.27900094985961915,0.06285898061201672,poisson,8,0.9,500,True,"{'criterion': 'poisson', 'max_depth': 8, 'max_samples': 0.9, 'n_estimators': 500, 'oob_score': True}",-78552.45425270977,-80803.85804303354,-80861.31417810664,-83693.20618597786,-83656.36590221612,-81513.43971240878,1951.3955665015314,31,0.955996072905075,0.9624668730199618,0.9761406162230272,0.9259608985619279,0.9628184237644807,0.9566765768948946,0.01669739273232169,38
84,4.907551050186157,0.1671433072919581,0.061400222778320315,0.0036986232544478333,poisson,9,0.9,100,True,"{'criterion': 'poisson', 'max_depth': 9, 'max_samples': 0.9, 'n_estimators': 100, 'oob_score': True}",-73994.77979602278,-76026.3865805315,-76172.06956711382,-79582.43597733098,-79889.8875582106,-77133.11189584192,2262.5902041112886,21,0.9577520106779219,0.9651161236780974,0.9778642984333495,0.9303912598840102,0.9635601149824299,0.9589367615311618,0.01571025694082564,31
85,9.342257833480835,0.304580164593119,0.10875921249389649,0.004116701878659436,poisson,9,0.9,200,True,"{'criterion': 'poisson', 'max_depth': 9, 'max_samples': 0.9, 'n_estimators': 200, 'oob_score': True}",-73395.76982115496,-76414.3457145039,-76245.79871611312,-79562.37643335047,-79686.8080577303,-77061.01974857054,2352.376635555209,20,0.959123924771361,0.9647547080435441,0.9775581636257468,0.9274679016518819,0.9638879742185694,0.9585585344622206,0.016701667690784284,34
86,14.028039741516114,0.28646388856384203,0.16812171936035156,0.013685277553788542,poisson,9,0.9,300,True,"{'criterion': 'poisson', 'max_depth': 9, 'max_samples': 0.9, 'n_estimators': 300, 'oob_score': True}",-73652.31528289814,-75555.10505529353,-75733.63346030613,-79455.9315367966,-79646.5574713308,-76808.70856132504,2355.8990924549057,15,0.9581554113629872,0.9664111588129186,0.9784348567610825,0.9288388871609813,0.9646123854013143,0.9592905398998569,0.01657782731635078,28
87,16.446330642700197,0.072197501278658,0.1842184543609619,0.005210009250695052,poisson,9,0.9,350,True,"{'criterion': 'poisson', 'max_depth': 9, 'max_samples': 0.9, 'n_estimators': 350, 'oob_score': True}",-73659.07035094762,-75690.94481176604,-76209.23347095192,-79375.05402720481,-79503.48675853715,-76887.5578838815,2251.482158230392,17,0.9580381612865962,0.9660794747916651,0.9774353092578744,0.9257543555747294,0.9645935603725582,0.9583801722566847,0.017467367192602064,35
88,18.505560207366944,0.20476966260255505,0.21788816452026366,0.010077521817589278,poisson,9,0.9,400,True,"{'criterion': 'poisson', 'max_depth': 9, 'max_samples': 0.9, 'n_estimators': 400, 'oob_score': True}",-73572.09331608271,-76302.31339516774,-76341.86959768586,-79279.93851484441,-79596.02617890299,-77018.44820053675,2218.38753743176,19,0.9574799972031385,0.9648041176852163,0.9772245254475277,0.9296887662903299,0.9648153463151766,0.9588025505882778,0.01588019685892642,32
89,21.205210733413697,0.6445806478240445,0.2782329559326172,0.047218151615505376,poisson,9,0.9,450,True,"{'criterion': 'poisson', 'max_depth': 9, 'max_samples': 0.9, 'n_estimators': 450, 'oob_score': True}",-73617.02284874402,-76101.36756031003,-76290.74845714093,-79272.7691409473,-79420.23252792905,-76940.42810701428,2179.9253851336216,18,0.9579764784187675,0.9657740653644076,0.97756603239267,0.9274254210508112,0.9645734029631274,0.9586630800379566,0.01684685369971514,33
90,23.80276961326599,0.6484447894271029,0.26587615013122556,0.011244695544445286,poisson,9,0.9,500,True,"{'criterion': 'poisson', 'max_depth': 9, 'max_samples': 0.9, 'n_estimators': 500, 'oob_score': True}",-73802.19104721153,-75892.03605431059,-75890.55981118337,-79327.39064037967,-79414.45649379776,-76865.32680937658,2183.5790229826275,16,0.9584890657658439,0.9653727186261182,0.9779336838972172,0.9291740794510035,0.9642653798890172,0.95904698552584,0.016227481050191218,30
91,5.015236854553223,0.07257555786819887,0.05925664901733398,0.006773617301461088,poisson,10,0.9,100,True,"{'criterion': 'poisson', 'max_depth': 10, 'max_samples': 0.9, 'n_estimators': 100, 'oob_score': True}",-70383.6391997835,-73331.78761041645,-73425.06477136361,-76853.13196768069,-76892.1977503074,-74177.16425991032,2457.7777657469132,7,0.9594023900469238,0.9655467108286099,0.9788294806949825,0.9304974335938326,0.964539489155342,0.9597631008639382,0.015977485798794523,26
92,10.021507740020752,0.20650616118584275,0.1127098560333252,0.007626705510295288,poisson,10,0.9,200,True,"{'criterion': 'poisson', 'max_depth': 10, 'max_samples': 0.9, 'n_estimators': 200, 'oob_score': True}",-70468.19010751777,-72205.79830381874,-72842.78480185643,-77284.42801157945,-76208.67003132611,-73801.9742512197,2549.572809027244,5,0.9598420554687782,0.9666952940867916,0.9781818974704461,0.9255438478442618,0.9651984310277754,0.9590923051796105,0.01780766049824904,29
93,15.450037860870362,0.31072669359753663,0.1740562915802002,0.009704492209023221,poisson,10,0.9,300,True,"{'criterion': 'poisson', 'max_depth': 10, 'max_samples': 0.9, 'n_estimators': 300, 'oob_score': True}",-70401.85707435601,-72509.33208712543,-73011.94335484871,-76340.52794484553,-76359.79681877788,-73724.69145599072,2315.7166229207646,4,0.9590008977603306,0.9667183559092057,0.9782450445471945,0.9321216511971961,0.9653859522499044,0.9602943803327664,0.015393464045786655,16
94,17.645931911468505,0.26563640913041564,0.23714156150817872,0.04443586550351652,poisson,10,0.9,350,True,"{'criterion': 'poisson', 'max_depth': 10, 'max_samples': 0.9, 'n_estimators': 350, 'oob_score': True}",-70360.82415464678,-72302.23109282271,-72745.59981625322,-76903.27270138478,-76254.70565726329,-73713.32668447416,2481.9879913848295,3,0.9594492703663313,0.9670831935231033,0.978766969345117,0.9271033111019193,0.9667077709017247,0.9598221030476392,0.017491152999814078,25
95,21.4448299407959,0.6665591232012863,0.2591360092163086,0.022848201570855046,poisson,10,0.9,400,True,"{'criterion': 'poisson', 'max_depth': 10, 'max_samples': 0.9, 'n_estimators': 400, 'oob_score': True}",-70337.54587108818,-72420.47503409696,-72545.9119317002,-76465.71013193091,-76455.51462017302,-73645.03151779785,2429.0782969048914,1,0.9592026764715507,0.9670596231117286,0.9789126423578336,0.9303671085883966,0.9654234033405857,0.960193090774019,0.016220340201213376,19
96,25.149562549591064,0.28252010325555343,0.27028141021728513,0.028887964754076657,poisson,10,0.9,450,True,"{'criterion': 'poisson', 'max_depth': 10, 'max_samples': 0.9, 'n_estimators': 450, 'oob_score': True}",-70364.4604978784,-72512.15863122372,-73006.68010949278,-76770.9069044285,-76465.34438327272,-73823.91010525923,2450.2372767142647,6,0.959825920442829,0.9670621960085601,0.9787118846330644,0.9291441107469404,0.9655769136896478,0.9600642051042083,0.016632539187378986,21
97,26.447549486160277,1.0116695177517745,0.285861873626709,0.03933569237569646,poisson,10,0.9,500,True,"{'criterion': 'poisson', 'max_depth': 10, 'max_samples': 0.9, 'n_estimators': 500, 'oob_score': True}",-70060.41180872286,-72489.6854913431,-72859.07139042285,-76662.31514114594,-76418.85225861323,-73698.06721804959,2513.407020749055,2,0.9609204692842419,0.9669229978034899,0.978612099247296,0.9286349441164001,0.9652449363388397,0.9600670893580535,0.016771636673572187,20
